{
    "pages" : [
        {
            "style" : {
                "navigationBarTitleText" : "uni-app"
            }
        },
        {
            "path" : "pages/hot/hot",
            "style" : {
                "navigationBarTitleText" : "热搜",
                "enablePullDownRefresh" : false
            }
        },
        {
            "path" : "pages/hot-video/hot-video",
            "style" : {
                "navigationBarTitleText" : "",
                "enablePullDownRefresh" : false
            }
        },
        {
            "path" : "pages/my/my",
            "style" : {
                "navigationBarTitleText" : "",
                "enablePullDownRefresh" : false
            }
        },
        {
            "path" : "",
            "style" : {}
        },
        {
            "path" : "",
            "style" : {}
        }
    ],
    "globalStyle" : {
        "navigationBarTextStyle" : "black",
        "navigationBarTitleText" : "uni-app",
        "navigationBarBackgroundColor" : "#F8F8F8",
        "backgroundColor" : "#F8F8F8",
        "app-plus" : {
            "background" : "#efeff4"
        }
    },
    "tabBar" : {
        "selectedColor" : "#f94d2a",
        "list" : [
            {
                "pagePath" : "pages/hot/hot",
                "text" : "热搜",
                "iconPath" : "static/tab-icons/hot.png",
                "selectedIconPath" : "static/tab-icons/hot-active.png"
            },
            {
                "pagePath" : "pages/hot-video/hot-video",
                "text" : "热播",
                "iconPath" : "static/tab-icons/hot-video.png",
                "selectedIconPath" : "static/tab-icons/hot-video-active.png"
            },
            {
                "pagePath" : "pages/my/my",
                "text" : "我的",
                "iconPath" : "static/tab-icons/my.png",
                "selectedIconPath" : "static/tab-icons/my-active.png"
            }
        ]
    },
    "condition" : {
        //模式配置，仅开发期间生效
        "current" : 0, //当前激活的模式(list 的索引项)
        "list" : [
            {
                "name" : "", //模式名称
                "path" : "", //启动页面，必选
                "query" : "" //启动参数，在页面的onLoad函数里面得到
            }
        ]
    }
}
